text,label
* XX 1 * ,0
AsyncRAT Server N/A N/A AsyncRAT Server ,0
N/A xx Default Company Ltd N/A ,0
AsyncRAT Server N/A N/A AsyncRAT Server ,0
N/A US Dis N/A ,0
localhost AU Internet Widgits Pty Ltd localhost ,0
rRPiRh1UFG.info N/A N/A rRPiRh1UFG.info ,0
serangredrt.Deaneereoso.nagoya SR Rerarsona Tondome sf. serangredrt.Deaneereoso.nagoya ,0
AsyncRAT Server N/A N/A AsyncRAT Server ,0
AsyncRAT Server N/A N/A AsyncRAT Server ,0
grumhit.com US Let's Encrypt Let's Encrypt Authority X3 ,0
N/A AU Internet Widgits Pty Ltd N/A ,0
microsoft.com US Microsoft Ltd microsoft.com ,0
Quasar Server CA N/A N/A Quasar Server CA ,0
AsyncRAT Server N/A N/A AsyncRAT Server ,0
aceremote.xyz US Let's Encrypt R3 ,0
attentionmagnet.top US Let's Encrypt R3 ,0
hotroad.cyou US Let's Encrypt R3 ,0
clik2dot N/A N/A clik2dot ,0
DcRat CN DcRat By qwqdanchun bax ,0
AsyncRAT Server N/A N/A AsyncRAT Server ,0
N/A AU Internet Widgits Pty Ltd N/A ,0
gasonz.com US gasonz gasonz.com ,0
localhost AU Internet Widgits Pty Ltd localhost ,0
example.com GB Global Security example.com ,0
XX XX XX XX ,0
localhost GB MyCompany Ltd. localhost ,0
listjhueaa.cn US Let's Encrypt Let's Encrypt Authority X3 ,0
AsyncRAT Server N/A N/A AsyncRAT Server ,0
N/A AU Internet Widgits Pty Ltd N/A ,0
AsyncRAT Server N/A N/A AsyncRAT Server ,0
* XX 1 * ,0
bonny.accesscam.org US Let's Encrypt Let's Encrypt Authority X3 ,0
sldeodjiweiswi.com N/A N/A sldeodjiweiswi.com ,0
rat1 N/A N/A rat1 ,0
N/A US Dis N/A ,0
sumeriun.com US Let's Encrypt Let's Encrypt Authority X3 ,0
BitRAT N/A N/A BitRAT ,0
new N/A N/A new ,0
AsyncRAT Server N/A N/A AsyncRAT Server ,0
example.com GB Global Security example.com ,0
sasf6asf683jfsd.xyz US Let's Encrypt R3 ,0
AsyncRAT Server N/A N/A AsyncRAT Server ,0
DarkEye Server N/A N/A DarkEye Server ,0
backup-leader.com US lol backup-leader.com ,0
BitRAT N/A N/A BitRAT ,0
Qjlyxjcpy Xx QR Im Qjlyxjcpy Xx ,0
example.com GB Global Security example.com ,0
mparrain10.ddns.net US Let's Encrypt Let's Encrypt Authority X3 ,0
onthewire1.top US Let's Encrypt R3 ,0
XX XX XX XX ,0
gmail.com US Google GMail gmail.com ,0
update.akamaifast.club GB Sectigo Limited Sectigo RSA Domain Validation Secure Server CA ,0
bombinet.xyz US Let's Encrypt Let's Encrypt Authority X3 ,0
ayefrsturmexi.schmidt ZA Shefo Octhcob O.V.E.E. ayefrsturmexi.schmidt ,0
Covid Server CA N/A N/A Covid Server CA ,0
entspartner.at US Let's Encrypt Let's Encrypt Authority X3 ,0
DcRat CN DcRat By qwqdanchun DcRat Server ,0
merotanos.com US Let's Encrypt Let's Encrypt Authority X3 ,0
domain.com US My Company Name LTD. domain.com ,0
localhost AU Internet Widgits Pty Ltd localhost ,0
N/A xx Default Company Ltd N/A ,0
rocknrolletco.top US Let's Encrypt Let's Encrypt Authority X3 ,0
castles.info US furled receptiveness castles.info ,0
tinkles N/A N/A tinkles ,0
localhost.localdomain -- SomeOrganization localhost.localdomain ,0
nanatools.ddns.net US Let's Encrypt Let's Encrypt Authority X3 ,0
N/A XX Default Company Ltd N/A ,0
Seven DSert SHA2 CA US Seven Ltd Seven DSert SHA2 CA ,0
telekom-support.info US Let's Encrypt Let's Encrypt Authority X3 ,0
lg.icf-fx.kz US Let's Encrypt Let's Encrypt Authority X3 ,0
rotmansaaatot.icu US Let's Encrypt Let's Encrypt Authority X3 ,0
ElectrumSSL N/A N/A ElectrumSSL ,0
DcRat CN DcRat By qwqdanchun Nethal Server ,0
* XX 1 * ,0
a5ce84fe.xyz US Let's Encrypt R3 ,0
* XX 1 * ,0
DcRat CN DcRat By qwqdanchun eimis ,0
Orcus Server N/A N/A Orcus Server ,0
X1T8vh6Qdw.org N/A N/A X1T8vh6Qdw.org ,0
localhost AU Internet Widgits Pty Ltd localhost ,0
akendvofoudidi.su BD Santi Sasuroof A.E. akendvofoudidi.su ,0
Quasar Server CA N/A N/A Quasar Server CA ,0
vesadisesin.pstrmhe6ransicr.reviews MD Belywone Treendaic NL vesadisesin.pstrmhe6ransicr.reviews ,0
N/A US Dis N/A ,0
localhost AU Internet Widgits Pty Ltd localhost ,0
statuscheck.online CN WoSign CA Limited WoSign CA Free SSL Certificate G2 ,0
nickburkholder.pw US Let's Encrypt Let's Encrypt Authority X3 ,0
mslfiedjssfdes.com N/A N/A mslfiedjssfdes.com ,0
N/A XX   N/A ,0
N/A US Dis N/A ,0
domain.com US My Company Name LTD. domain.com ,0
localhost AU Internet Widgits Pty Ltd localhost ,0
N/A AU   N/A ,0
stanculinaryblog.top US Let's Encrypt R3 ,0
roungod.com US Let's Encrypt Let's Encrypt Authority X3 ,0
AsyncRAT Server N/A N/A AsyncRAT Server ,0
nutuscle.pw US Let's Encrypt Let's Encrypt Authority X3 ,0
example.com GB Global Security example.com ,0
kordelservers.xyz US Let's Encrypt Let's Encrypt Authority X3 ,0
appealingedge.xyz US Let's Encrypt Let's Encrypt Authority X3 ,0
Ppoccectw.lr AM Anpove SCOP Ppoccectw.lr ,0
Quasar Server CA N/A N/A Quasar Server CA ,0
DcRat CN DcRat By qwqdanchun 1 ,0
server.domain.com -- SomeOrganization server.domain.com ,0
AsyncRAT Server N/A N/A AsyncRAT Server ,0
DcRat CN DcRat By qwqdanchun DcRat Server ,0
DcRat CN DcRat By qwqdanchun DcRat Server ,0
jamesdrywall.xyz US Let's Encrypt Let's Encrypt Authority X3 ,0
domain.com US My Company Name LTD. domain.com ,0
* XX 1 * ,0
Thiofthitswe.media IQ Tatengeca SPE Thiofthitswe.media ,0
example.com GB Global Security example.com ,0
AsyncRAT Server N/A N/A AsyncRAT Server ,0
sontonecchidtt.Titheefrovorh.cologne TM Ertor SNC sontonecchidtt.Titheefrovorh.cologne ,0
example.com GB Global Security example.com ,0
lmnab.xyz US Let's Encrypt Let's Encrypt Authority X3 ,0
guiapocos.xyz US Let's Encrypt Let's Encrypt Authority X3 ,0
N/A US Dis N/A ,0
asdstatistic.com US Let's Encrypt R3 ,0
example.com GB Global Security example.com ,0
AsyncRAT Server N/A N/A AsyncRAT Server ,0
localhost AU Internet Widgits Pty Ltd localhost ,0
sibelikinciel.xyz US Let's Encrypt Let's Encrypt Authority X3 ,0
kilimadzhara.xyz US Let's Encrypt Let's Encrypt Authority X3 ,0
thhabvppp.com N/A N/A thhabvppp.com ,0
footballstar.top US Let's Encrypt R3 ,0
AsyncRAT Server N/A N/A AsyncRAT Server ,0
asfuhuhvuuye45ggv.xyz US Let's Encrypt R3 ,0
stylesam.com GB Sectigo Limited Sectigo RSA Domain Validation Secure Server CA ,0
dasfogy4hgag.xyz US Let's Encrypt R3 ,0
N/A XX Default Company Ltd N/A ,0
localhost AU Internet Widgits Pty Ltd localhost ,0
domain.com US My Company Name LTD. domain.com ,0
N/A US Dis N/A ,0
* XX 1 * ,0
militanttra.at US Let's Encrypt Let's Encrypt Authority X3 ,0
dsfhhhhf44555.icu US Let's Encrypt Let's Encrypt Authority X3 ,0
genericalphabet.top US Let's Encrypt R3 ,0
Ontuthinsalthw.silindunc.homedepot NI Wenthedb Tidincr E.E. Ontuthinsalthw.silindunc.homedepot ,0
ludicrouslyl.at US Let's Encrypt Let's Encrypt Authority X3 ,0
DcRat CN DcRat By qwqdanchun 火绒企业管理 ,0
AsyncRAT Server N/A N/A AsyncRAT Server ,0
widewiderangers.fun US Let's Encrypt Let's Encrypt Authority X3 ,0
Adchg9feson.sydney PK Lsmhotf Ongohes Corporation Adchg9feson.sydney ,0
localhost AU Internet Widgits Pty Ltd localhost ,0
Gh0st RAT CN DcRat By qwqdanchun Gh0st Server ,0
afsibibia3.xyz US Let's Encrypt R3 ,0
localhost AU Internet Widgits Pty Ltd localhost ,0
http://5.101.4.41 US Example Inc http://5.101.4.41 ,0
DcRat CN DcRat By qwqdanchun DcRat Server ,0
inj N/A N/A inj ,0
greentry.site US Let's Encrypt R3 ,0
igibhbyehvyga.xyz US Let's Encrypt R3 ,0
z.xooz.cf US Let's Encrypt Let's Encrypt Authority X3 ,0
BitRAT N/A N/A BitRAT ,0
N/A AU Internet Widgits Pty Ltd N/A ,0
kitoboyka.com RU FuckUS kitoboyka.com ,0
alfanalytic.com US Let's Encrypt R3 ,0
Runtime Broker N/A N/A Runtime Broker ,0
livejunto.xyz US Let's Encrypt Let's Encrypt Authority X3 ,0
labelcs.com US Let's Encrypt Let's Encrypt Authority X3 ,0
N/A US Dis N/A ,0
qwertyhills92.ddns.net US Let's Encrypt Let's Encrypt Authority X3 ,0
samp-loader.ml US Let's Encrypt R3 ,0
John US AlaskaFuture Ltd John ,0
Odin Server CA N/A N/A Odin Server CA ,0
DcRat CN DcRat By qwqdanchun DcRat Server ,0
B2tp N/A N/A B2tp ,0
AsyncRAT Server N/A N/A AsyncRAT Server ,0
chloroz.xyz US Let's Encrypt Let's Encrypt Authority X3 ,0
* XX 1 * ,0
postformt.com US Let's Encrypt R3 ,0
Kisszerver N/A N/A Kisszerver ,0
DcRat CN DcRat By qwqdanchun Nigeria ,0
192.236.160.249 mn xxxyz 192.236.160.249 ,0
CN CN Software CN ,0
AsyncRAT Server N/A N/A AsyncRAT Server ,0
"ptvib.cf US cPanel, Inc. cPanel, Inc. Certification Authority ",0
xeiaieki.us AT Vmhitgvuf Qlofypz Tkchae Eoopo Inc. xeiaieki.us ,0
global-logic-stl.com US Let's Encrypt Let's Encrypt Authority X3 ,0
N/A US Dis N/A ,0
accentnailsspa.pw US Let's Encrypt Let's Encrypt Authority X3 ,0
localhost N/A N/A localhost ,0
BitRAT N/A N/A BitRAT ,0
forenzik.kz KZ NN Fern forenzik.kz ,0
localhost GB MyCompany Ltd. localhost ,0
BitRAT N/A N/A BitRAT ,0
AsyncRAT Server N/A N/A AsyncRAT Server ,0
N/A US Dis N/A ,0
DcRat CN DcRat By qwqdanchun VenomRAT Server ,0
*.revcode.se GB COMODO CA Limited COMODO RSA Domain Validation Secure Server CA ,0
"pandyi.com US cPanel, Inc. cPanel, Inc. Certification Authority ",0
N/A AU Internet Widgits Pty Ltd N/A ,0
AsyncRAT Server N/A N/A AsyncRAT Server ,0
N/A XX Default Company Ltd N/A ,0
localhost GB MyCompany Ltd. localhost ,0
*.cvl.name GB COMODO CA Limited COMODO RSA Domain Validation Secure Server CA ,0
Joqwqbpkmqw Twefxx NP Kiuere Joqwqbpkmqw Twefxx ,0
N/A US Internet Widgits Pty Ltd N/A ,0
DcRat CN DcRat By qwqdanchun DcRat Server ,0
keepincomemoney.website US Let's Encrypt Let's Encrypt Authority X3 ,0
AsyncRAT Server N/A N/A AsyncRAT Server ,0
N/A xx Default Company Ltd N/A ,0
fdguyt5ggs.pw US Let's Encrypt Let's Encrypt Authority X3 ,0
Quasar Server CA N/A N/A Quasar Server CA ,0
palmists.space US area homestead's palmists.space ,0
N/A XX Default Company Ltd N/A ,0
N/A AU Internet Widgits Pty Ltd N/A ,0
N/A XX Default Company Ltd N/A ,0
N/A XX Default Company Ltd N/A ,0
lanyclserr.iq AD Veaurd Ncpodwheo SPE lanyclserr.iq ,0
localhost AU Internet Widgits Pty Ltd localhost ,0
example.com GB Global Security example.com ,0
localhost AU Internet Widgits Pty Ltd localhost ,0
localhost AU Internet Widgits Pty Ltd localhost ,0
N/A US Dis N/A ,0
telemetrysystemcollection.com AT ZeroSSL ZeroSSL RSA Domain Secure Site CA ,0
example.com GB Global Security example.com ,0
DcRat CN DcRat By qwqdanchun DcRat Server ,0
Understandnt N/A N/A Understandnt ,0
* XX 1 * ,0
localhost AU Internet Widgits Pty Ltd localhost ,0
gopstoporchestra.top US Let's Encrypt R3 ,0
51fd222a0d47.us US Let's Encrypt Let's Encrypt Authority X3 ,0
ivmsoft.com US Let's Encrypt Let's Encrypt Authority X3 ,0
moriarty.pw US Let's Encrypt Let's Encrypt Authority X3 ,0
exeupay.xyz US Let's Encrypt Let's Encrypt Authority X3 ,0
rvgvtfdf AU tg4r6tds rvgvtfdf ,0
N/A US Dis N/A ,0
jquery e-Szigno Root CA US jquery Ltd. jquery e-Szigno Root CA ,0
* XX 1 * ,0
DcRat CN DcRat By qwqdanchun DcRat Server ,0
N/A US Dis N/A ,0
DcRat CN DcRat By qwqdanchun DcRat Server ,0
homeartncraft.pw US Let's Encrypt Let's Encrypt Authority X3 ,0
fnoetwotb4nwob524o.hk US Let's Encrypt Let's Encrypt Authority X3 ,0
domain.com US My Company Name LTD. domain.com ,0
localhost AU Internet Widgits Pty Ltd localhost ,0
jasper XX root root ,0
vjgy3cllxhp.c.updraftclone.com US Let's Encrypt Let's Encrypt Authority X3 ,0
micrsoft365.live US Let's Encrypt R3 ,0
5culadtint.tmall GQ Ibtaicion Twhot SAS 5culadtint.tmall ,0
ankaraotokira.pw US Let's Encrypt Let's Encrypt Authority X3 ,0
luanatalolo.com US Let's Encrypt Let's Encrypt Authority X3 ,0
lobemaintaty.space CN WoSign CA Limited WoSign CA Free SSL Certificate G2 ,0
domain.com US My Company Name LTD. domain.com ,0
mstdn.social US Let's Encrypt R3 ,0
BitRAT N/A N/A BitRAT ,0
Vultari N/A N/A Vultari ,0
DcRat CN DcRat By qwqdanchun DcRat Server ,0
ZhongGuo CN CCSEC ZhongGuo ,0
localhost AU Internet Widgits Pty Ltd localhost ,0
classof1996.duckdns.org US Let's Encrypt Let's Encrypt Authority X3 ,0
vesecase.com US Let's Encrypt Let's Encrypt Authority X3 ,0
ntpc.duckdns.org US Let's Encrypt Let's Encrypt Authority X3 ,0
tapewormorchestra.top US Let's Encrypt R3 ,0
izhongcheng.cn US DigiCert Inc GeoTrust CN RSA CA G1 ,0
N/A US Dis N/A ,0
wpad-home.com US Let's Encrypt Let's Encrypt Authority X3 ,0
ukmedm.com US Let's Encrypt Let's Encrypt Authority X3 ,0
antrefurniture.top US Let's Encrypt Let's Encrypt Authority X3 ,0
N/A US Dis N/A ,0
localhost.localdomain -- SomeOrganization localhost.localdomain ,0
DcRat CN DcRat By qwqdanchun DcRat Server ,0
makarcheck.com US Let's Encrypt Let's Encrypt Authority X3 ,0
* XX 1 * ,0
* XX 1 * ,0
N/A IT Internet Widgits Pty Ltd N/A ,0
hillsbed.xyz US Let's Encrypt Let's Encrypt Authority X3 ,0
localhost US domain localhost ,0
gringox1.chickenkiller.com US Let's Encrypt R3 ,0
newhopedream.com US Let's Encrypt Let's Encrypt Authority X3 ,0
daspgpbjbj4ggg.xyz US Let's Encrypt R3 ,0
forenzik.kz KZ NN Fern forenzik.kz ,0
N/A AU Internet Widgits Pty Ltd N/A ,0
KAV N/A N/A KAV ,0
forenzik.kz KZ NN Fern forenzik.kz ,0
baidu.com CN baidu LLC. baidu.com ,0
domain.com US My Company Name LTD. domain.com ,0
DcRat CN DcRat By qwqdanchun DcRat Server ,0
example.com GB Global Security example.com ,0
N/A US Dis N/A ,0
qwertyhills92.spdns.org US Let's Encrypt Let's Encrypt Authority X3 ,0
jquery.com US jQuery jquery.com ,0
localhost AU Internet Widgits Pty Ltd localhost ,0
domain.com US My Company Name LTD. domain.com ,0
AsyncRAT Server N/A N/A AsyncRAT Server ,0
vighik.xyz US Let's Encrypt Let's Encrypt Authority X3 ,0
example.com GB Global Security example.com ,0
domain.com US My Company Name LTD. domain.com ,0
"borrdrillling.com US cPanel, Inc. cPanel, Inc. Certification Authority ",0
N/A US Dis N/A ,0
* XX 1 * ,0
localhost AU Internet Widgits Pty Ltd localhost ,0
voidtools.xyz US Let's Encrypt R3 ,0
nupahe.com GB Sectigo Limited Sectigo RSA Domain Validation Secure Server CA ,0
localhost GB MyCompany Ltd. localhost ,0
AsyncRAT Server N/A N/A AsyncRAT Server ,0
serverhosts.info XX XX serverhosts.info ,0
x-notification.icu US Let's Encrypt R3 ,0
AsyncRAT Server N/A N/A AsyncRAT Server ,0
habbybearshop.top US Let's Encrypt R3 ,0
* XX 1 * ,0
pharmarel.space US Let's Encrypt Let's Encrypt Authority X3 ,0
AsyncRAT Server N/A N/A AsyncRAT Server ,0
uiyplk.xyz US Let's Encrypt Let's Encrypt Authority X3 ,0
secureav.pw US Let's Encrypt Let's Encrypt Authority X3 ,0
akabox.space US Let's Encrypt R3 ,0
emlic.ru GB Sectigo Limited Sectigo RSA Domain Validation Secure Server CA ,0
* XX 1 * ,0
N/A US Dis N/A ,0
OrcusServerCertificate N/A N/A OrcusServerCertificate ,0
web.local US MyCompany LLC web.local ,0
poladidlei.website US Let's Encrypt Let's Encrypt Authority X3 ,0
girls4dating.asia AT ZeroSSL ZeroSSL RSA Domain Secure Site CA ,0
globalseodata.top US Let's Encrypt Let's Encrypt Authority X3 ,0
N/A US Dis N/A ,0
proat.com GB Pde Fpiooiui Fexecdu Elpsuimda proat.com ,0
www.oajdasnndkdahm.com BE GlobalSign nv-sa GlobalSign RSA DV SSL CA 2018 ,0
katongaquarium.xyz US Let's Encrypt Let's Encrypt Authority X3 ,0
localhost AU Internet Widgits Pty Ltd localhost ,0
rapid-stores.com US Let's Encrypt Let's Encrypt Authority X3 ,0
badlands's.org US goitre modeled badlands's.org ,0
www.XF0VTbKz.com US 3pcwtEZb7TlnCKlV. www.XF0VTbKz.com ,0
getfiles24.top US Let's Encrypt Let's Encrypt Authority X3 ,0
nbipbovdsv.mobi OA Uisn Zeteol Eylc Nuetassu nbipbovdsv.mobi ,0
8tatodckerengul.men LI Ofalyg S.R.O. 8tatodckerengul.men ,0
ondsanbemer.zm TW Rtiocoanm Inell FCP ondsanbemer.zm ,0
N/A US Dis N/A ,0
microsoftstoreservice.com GB Security microsoftstoreservice.com ,0
N/A zz Default Company Ltd N/A ,0
DcRat CN DcRat By qwqdanchun test ,0
domain.com US My Company Name LTD. domain.com ,0
bbaba2020.duckdns.org US Let's Encrypt Let's Encrypt Authority X3 ,0
news.lainertz.com US Let's Encrypt Let's Encrypt Authority X3 ,0
treateninz.com US Let's Encrypt Let's Encrypt Authority X3 ,0
adsgjuhsdgubhu4.xyz US Let's Encrypt R3 ,0
N/A US Dis N/A ,0
dungdoptiop.xyz US Let's Encrypt Let's Encrypt Authority X3 ,0
DcRat CN DcRat By qwqdanchun DcRat Server ,0
niloiuyrt.info US Let's Encrypt Let's Encrypt Authority X3 ,0
localhost AU Internet Widgits Pty Ltd localhost ,0
N/A XX Default Company Ltd N/A ,0
localhost AU Internet Widgits Pty Ltd localhost ,0
localhost AU Internet Widgits Pty Ltd localhost ,0
AsyncRAT Server N/A N/A AsyncRAT Server ,0
emells.ir US Let's Encrypt Let's Encrypt Authority X3 ,0
remotecert N/A N/A remotecert ,0
N/A US Dis N/A ,0
bakcup-monster.com US lol bakcup-monster.com ,0
Qlxdgrtrjikxt Ysxchsusq EB Rvkmjrufvc Qlxdgrtrjikxt Ysxchsusq ,0
AsyncRAT Server N/A N/A AsyncRAT Server ,0
N/A XX Default Company Ltd N/A ,0
"medireab.ga US cPanel, Inc. cPanel, Inc. Certification Authority ",0
torpic.xyz US Let's Encrypt Let's Encrypt Authority X3 ,0
BitRAT N/A N/A BitRAT ,0
Penny N/A N/A Penny ,0
enrichcollege.xyz US Let's Encrypt Let's Encrypt Authority X3 ,0
"Oracle America, Inc. US Oracle America, Inc. Oracle America, Inc. ",0
allgacyfcu.com US Let's Encrypt Let's Encrypt Authority X3 ,0
bikweb.com US Let's Encrypt Let's Encrypt Authority X3 ,0
* XX 1 * ,0
nexuslogger.com GB COMODO CA Limited COMODO RSA Domain Validation Secure Server CA ,0
BitRAT N/A N/A BitRAT ,0
DcRat CN DcRat By qwqdanchun Server ,0
* XX 1 * ,0
AsyncRAT Server N/A N/A AsyncRAT Server ,0
ch12ozoo.com US Let's Encrypt Let's Encrypt Authority X3 ,0
mariton.ws US Let's Encrypt R3 ,0
disaaxpalallow.me GB COMODO CA Limited COMODO RSA Domain Validation Secure Server CA ,0
N/A XX Default Company Ltd N/A ,0
ericsgamesz.com US Let's Encrypt Let's Encrypt Authority X3 ,0
example.com GB Global Security example.com ,0
N/A US Dis N/A ,0
BitRAT N/A N/A BitRAT ,0
N/A N/A N/A N/A ,0
Orcus Server N/A N/A Orcus Server ,0
localhost GB MyCompany Ltd. localhost ,0
localhost AU Internet Widgits Pty Ltd localhost ,0
ErvIn's.space US levies reaffirm ErvIn's.space ,0
BitRAT N/A N/A BitRAT ,0
complexofferstobakn.com US Let's Encrypt R3 ,0
baj3tu.xyz US Let's Encrypt Let's Encrypt Authority X3 ,0
mikolapower.host US Let's Encrypt Let's Encrypt Authority X3 ,0
afspfigjeb.cn US Let's Encrypt R3 ,0
afspfigjeb.cn US Let's Encrypt R3 ,0
* XX 1 * ,0
AsyncRAT Server N/A N/A AsyncRAT Server ,0
d2zjc3191twk8ym.xyz US Let's Encrypt R3 ,0
AsyncRAT Server N/A N/A AsyncRAT Server ,0
"worldatdoor.in US cPanel, Inc. cPanel, Inc. Certification Authority ",0
N/A US Dis N/A ,0
N/A AU Internet Widgits Pty Ltd N/A ,0
benokij.com US Let's Encrypt R3 ,0
Venom CN Venom By VenomSoftware Venom Server ,0
Quasar Server CA N/A N/A Quasar Server CA ,0
AsyncRAT Server N/A N/A AsyncRAT Server ,0
DcRat CN DcRat By qwqdanchun GoogleUpdate ,0
DcRat CN DcRat By qwqdanchun DcRat Server ,0
AsyncRAT Server N/A N/A AsyncRAT Server ,0
lambada.icu US Let's Encrypt Let's Encrypt Authority X3 ,0
AsyncRAT Server N/A N/A AsyncRAT Server ,0
Hkm FQ Lwggbfok Hkm ,0
support.microsovft.com US Let's Encrypt R3 ,0
localhost AU Internet Widgits Pty Ltd localhost ,0
payday.kozow.com US Let's Encrypt Let's Encrypt Authority X3 ,0
192.236.176.108 uu ddeef 192.236.176.108 ,0
prettybyrise.live US Let's Encrypt R3 ,0
* XX 1 * ,0
* XX 1 * ,0
"dross-technology.com US cPanel, Inc. cPanel, Inc. Certification Authority ",0
lifemaindecision.top US Let's Encrypt R3 ,0
DcRat CN DcRat By qwqdanchun DcRat Server ,0
localhost GB MyCompany Ltd. localhost ,0
chinaandkoreacriminalaffairs.kz GB COMODO CA Limited COMODO RSA Domain Validation Secure Server CA ,0
DcRat CN DcRat By qwqdanchun DcRat Server ,0
rockyenergy.hopto.org US Let's Encrypt Let's Encrypt Authority X3 ,0
localhost GB MyCompany Ltd. localhost ,0
gsdgjgjifacv.xyz US Let's Encrypt Let's Encrypt Authority X3 ,0
mailbox.outlook-msdn.com US Let's Encrypt Let's Encrypt Authority X3 ,0
N/A US Dis N/A ,0
N/A XX Default Company Ltd N/A ,0
devicelease.xyz US Let's Encrypt Let's Encrypt Authority X3 ,0
AsyncRAT Server N/A N/A AsyncRAT Server ,0
localhost AU Internet Widgits Pty Ltd localhost ,0
AsyncRAT Server N/A N/A AsyncRAT Server ,0
N/A US Dis N/A ,0
localhost AU Internet Widgits Pty Ltd localhost ,0
dmitolt.com US Let's Encrypt R3 ,0
N/A US Dis N/A ,0
forenzik.kz KZ NN Fern forenzik.kz ,0
standaradbnk.com GB Sectigo Limited Sectigo RSA Domain Validation Secure Server CA ,0
* XX 1 * ,0
example.com GB Global Security example.com ,0
def-update.com US Let's Encrypt Let's Encrypt Authority X3 ,0
Phoenix Rat Server N/A N/A Phoenix Rat Server ,0
* XX 1 * ,0
sak.myddns.com US Let's Encrypt Let's Encrypt Authority X3 ,0
detacher.xyz US Let's Encrypt R3 ,0
AsyncRAT Server N/A N/A AsyncRAT Server ,0
Orcus Server N/A N/A Orcus Server ,0
N/A US Dis N/A ,0
DcRat CN DcRat By qwqdanchun Server ,0
* XX 1 * ,0
AsyncRAT Server N/A N/A AsyncRAT Server ,0
example.com GB Global Security example.com ,0
DcRat CN DcRat By qwqdanchun VenomServer ,0
N/A US Dis N/A ,0
hitnaiguat.xyz US Let's Encrypt R3 ,0
letofavintha.kp AD Oaorvesi Rsaio SA letofavintha.kp ,0
DcRat CN DcRat By qwqdanchun 火绒企业管理 ,0
gidjshrvz.xyz US Let's Encrypt Let's Encrypt Authority X3 ,0
kemalllll N/A N/A kemalllll ,0
BitRAT N/A N/A BitRAT ,0
Quasar Server CA N/A N/A Quasar Server CA ,0
azure-updatedb.at GB Sectigo Limited Sectigo RSA Domain Validation Secure Server CA ,0
agutagndie.cn US Let's Encrypt R3 ,0
Quasar Server CA N/A N/A Quasar Server CA ,0
fatturadiitali.com US Let's Encrypt Let's Encrypt Authority X3 ,0
akamaicln.com US Let's Encrypt Let's Encrypt Authority X3 ,0
AsyncRAT Server N/A N/A AsyncRAT Server ,0
DcRat CN DcRat By qwqdanchun MAYO ,0
forenzik.kz KZ NN Fern forenzik.kz ,0
localhost AU Internet Widgits Pty Ltd localhost ,0
loaste.com US Let's Encrypt R3 ,0
N/A US Dis N/A ,0
localhost AU Internet Widgits Pty Ltd localhost ,0
N/A US Dis N/A ,0
AsyncRAT Server N/A N/A AsyncRAT Server ,0
wizardoz.club US Let's Encrypt Let's Encrypt Authority X3 ,0
N/A AU Internet Widgits Pty Ltd N/A ,0
AsyncRAT Server N/A N/A AsyncRAT Server ,0
N/A US Dis N/A ,0
BitRAT N/A N/A BitRAT ,0
3a60dc39.top US Let's Encrypt R3 ,0
Quasar Server CA N/A N/A Quasar Server CA ,0
yammz N/A N/A yammz ,0
example.com GB Global Security example.com ,0
N/A xx Default Company Ltd N/A ,0
BitRAT N/A N/A BitRAT ,0
prntscreen.pictures US Let's Encrypt Let's Encrypt Authority X3 ,0
AsyncRAT Server N/A N/A AsyncRAT Server ,0
mystaticdate.com US Let's Encrypt R3 ,0
N/A AU Internet Widgits Pty Ltd N/A ,0
jquery.com US jQuery jquery.com ,0
localhost AU Internet Widgits Pty Ltd localhost ,0
hmiu.xyz US Let's Encrypt Let's Encrypt Authority X3 ,0
ams.mdx-trd.kz US Let's Encrypt Let's Encrypt Authority X3 ,0
orzamorza.com US Let's Encrypt Let's Encrypt Authority X3 ,0
AsyncRAT Server N/A N/A AsyncRAT Server ,0
N/A XX Default Company Ltd N/A ,0
nashrepouya.xyz US Let's Encrypt Let's Encrypt Authority X3 ,0
richiealvin20202.ddns.net US Let's Encrypt Let's Encrypt Authority X3 ,0
bbbcleaner.at US Let's Encrypt Let's Encrypt Authority X3 ,0
itonde9swheca.meveressecodbi.sv CV Iasecea Pordthe SCOP itonde9swheca.meveressecodbi.sv ,0
N/A US Dis N/A ,0
DcRat CN DcRat By qwqdanchun DcRat Server ,0
ecb-european.info US Let's Encrypt Let's Encrypt Authority X3 ,0
gogowormdealer.top US Let's Encrypt R3 ,0
BitRAT N/A N/A BitRAT ,0
cocogzy.ddns.net US Let's Encrypt Let's Encrypt Authority X3 ,0
lkbyae.org DE Qtibmnz Tedmehou LLC. lkbyae.org ,0
microsoft.com US Private microsoft.com ,0
AsyncRAT Server N/A N/A AsyncRAT Server ,0
Predgqupe.Cuvishifolicha.trade UY Fomikerd PEEC Predgqupe.Cuvishifolicha.trade ,0
*.realeurogroup.xyz US Let's Encrypt R3 ,0
videomart.top US Let's Encrypt R3 ,0
localhost GB MyCompany Ltd. localhost ,0
* XX 1 * ,0
N/A US Dis N/A ,0
localhost AU Internet Widgits Pty Ltd localhost ,0
fuke N/A N/A fuke ,0
result.loseyourip.com US Let's Encrypt Let's Encrypt Authority X3 ,0
AsyncRAT Server N/A N/A AsyncRAT Server ,0
"Cloudflare US Cloudflare, Inc. Managed CA 45881812e058c0eb4acd0981e2afb079 ",0
texestet.ru US Let's Encrypt Let's Encrypt Authority X3 ,0
UnscaredLoader Server CA N/A N/A UnscaredLoader Server CA ,0
PrivateRAT54342 N/A N/A PrivateRAT54342 ,0
server N/A N/A server ,0
thirdclimbwrite.live US Let's Encrypt R3 ,0
domain.com US My Company Name LTD. domain.com ,0
localhost GB MyCompany Ltd. localhost ,0
allowsuccess.org US Let's Encrypt R3 ,0
* XX 1 * ,0
giprobiotic.com US Let's Encrypt Let's Encrypt Authority X3 ,0
N/A xx Default Company Ltd N/A ,0
vuinuzhz.com N/A N/A vuinuzhz.com ,0
N/A XX Default Company Ltd N/A ,0
civilizationidium.com US Let's Encrypt R3 ,0
DcRat CN DcRat By qwqdanchun Cookies ,0
azuredbupdate.xyz AT ZeroSSL ZeroSSL RSA Domain Secure Site CA ,0
N/A XX Default Company Ltd N/A ,0
riighu4fg.pw US Let's Encrypt Let's Encrypt Authority X3 ,0
AsyncRAT Server N/A N/A AsyncRAT Server ,0
